{"cameraMode":{"drawMode":0,"name":"Shaded","section":"Shading Mode"},"sceneLighting":true,"audioPlay":false,"sceneViewState":{"m_AlwaysRefresh":false,"showFog":true,"showSkybox":true,"showFlares":true,"showImageEffects":true,"showParticleSystems":true,"showVisualEffectGraphs":true,"m_FxEnabled":true},"in2DMode":false,"pivot":{"x":16.074914932250978,"y":8.008502960205079,"z":3.0135278701782228},"rotation":{"x":0.009308039210736752,"y":0.014442455023527146,"z":-0.00014207707135938108,"w":0.9998915195465088},"size":13.980539321899414,"orthographic":false}